m,n,minexhaustiveSolvercmax,openexhaustiveSolvercmax,meanexhaustiveSolvercmax,closedexhaustiveSolvercmax,maxexhaustiveSolvercmax,mingiftSolvercmax,opengiftSolvercmax,meangiftSolvercmax,closedgiftSolvercmax,maxgiftSolvercmax,
2,4,266.0,648.0,841.0,988.0,1404.0,266.0,683.0,877.0,1081.0,1507.0,92689.0,176002.0,243357.0,456267.0,5068122.0,37766.0,116395.0,169338.0,258889.0,2927287.0
3,6,261.0,608.0,722.0,823.0,1169.0,261.0,719.0,851.0,1007.0,1476.0,2080913.0,2274890.0,2490344.0,3303741.0,1.4708761E7,54823.0,109579.0,141038.0,190175.0,750365.0
4,8,192.0,502.0,585.0,684.0,890.0,192.0,562.0,703.0,843.0,1310.0,2.24631487E8,2.36419546E8,2.37013059E8,2.37974868E8,3.5818779E8,91148.0,151408.0,198770.0,250863.0,425265.0
